"DESCRIPTION","DURATION IN MS","NAME","PARENT SUITE","START TIME","STATUS","STOP TIME","SUB SUITE","SUITE","TEST CLASS","TEST METHOD"
"","178063","*** Add/Edit/Search Person *** Add/Search Person Note  *** Add/Search Person Media","","Tue May 06 21:35:41 UTC 2025","passed","Tue May 06 21:38:39 UTC 2025","","Person","",""
"","17573","Reporter","","Tue May 06 21:25:06 UTC 2025","passed","Tue May 06 21:25:23 UTC 2025","","Services","",""
"","12788","Exporter","","Tue May 06 21:25:23 UTC 2025","passed","Tue May 06 21:25:36 UTC 2025","","Services","",""
"","19587","Workflow Service","","Tue May 06 21:27:29 UTC 2025","passed","Tue May 06 21:27:49 UTC 2025","","Services","",""
"","244088","All Dispo Actions for 8 items -- no service involved","","Tue May 06 21:20:55 UTC 2025","passed","Tue May 06 21:24:59 UTC 2025","","Dispo Auth","",""
"","11800","Auto Reports - Release Letters","","Tue May 06 21:35:26 UTC 2025","passed","Tue May 06 21:35:38 UTC 2025","","Services","",""
"","246400","Dispo Auth Service","","Tue May 06 21:31:08 UTC 2025","passed","Tue May 06 21:35:14 UTC 2025","","Services","",""
"","26980","Container Auto Deactivate","","Tue May 06 21:29:26 UTC 2025","passed","Tue May 06 21:29:53 UTC 2025","","Services","",""
"","26596","Task/Case Reassignment","","Tue May 06 21:29:54 UTC 2025","passed","Tue May 06 21:30:20 UTC 2025","","Services","",""
"","420852","*** Add/Edit/Search/MassUpdate Case *** Add/Search Case Note  *** Add/Search Case Media","","Tue May 06 21:19:50 UTC 2025","passed","Tue May 06 21:26:50 UTC 2025","","Case","",""
"","47591","People Merge","","Tue May 06 21:30:20 UTC 2025","passed","Tue May 06 21:31:08 UTC 2025","","Services","",""
"","18692","Media Mass Download","","Tue May 06 21:35:38 UTC 2025","passed","Tue May 06 21:35:56 UTC 2025","","Services","",""
"","600171","Verify all transactions, data changes and enabled/disabled actions based on Item status","","Tue May 06 21:39:38 UTC 2025","passed","Tue May 06 21:49:38 UTC 2025","","Item Transactions","",""
"","58194","Add User -- Assign Permissions -- Log in with newly created user","","Tue May 06 21:38:39 UTC 2025","passed","Tue May 06 21:39:38 UTC 2025","","User","",""
"","3","Auto Disposition","","Tue May 06 21:35:38 UTC 2025","skipped","Tue May 06 21:35:38 UTC 2025","","Services","",""
"","526564","*** Add/Edit/Search/MassUpdate Item *** Add/Search Item Note  *** Add/Search Item Media","","Tue May 06 21:26:51 UTC 2025","passed","Tue May 06 21:35:38 UTC 2025","","Item","",""
"","112453","Importer","","Tue May 06 21:25:36 UTC 2025","passed","Tue May 06 21:27:29 UTC 2025","","Services","",""
"","95951","Container Moves","","Tue May 06 21:27:49 UTC 2025","passed","Tue May 06 21:29:25 UTC 2025","","Services","",""
